CAS-RN,SMILES,train/test,LC50[-LOG(mol/L)],TPSA(Tot),SAacc,H-050,MLOGP,RDCHI,GATS1p,nN,C-040
75-25-2,BrC(Br)Br,train,3.740,0,0,0,2.419,1.225,0.667,0,0
598-16-3,BrC=C(Br)Br,train,4.330,0,0,0,2.638,1.401,0.632,0,0
60348-60-9,Brc1ccc(c(c1)Br)Oc1cc(Br)c(cc1Br)Br,train,7.019,9.23,11,0,5.799,2.93,0.486,0,0
5436-43-1,Brc1ccc(c(c1)Br)Oc1ccc(cc1Br)Br,train,6.723,9.23,11,0,5.453,2.887,0.495,0,0
101-55-3,Brc1ccc(cc1)Oc1ccccc1,train,5.979,9.23,11,0,4.068,2.758,0.695,0,0
11141-17-6,C/C=C(\C(=O)OC1CC(OC(=O)C)C2(C3C41COC(C4C(C)(C(C3OC2)O)C12OC2(C)C2CC1OC1C2(O)C=CO1)(O)C(=O)OC)C(=O)OC)/C,train,6.064,215.34,327.629,3,0.189,4.677,1.333,0,4
4180-23-8,C/C=C/c1ccc(cc1)OC,train,7.337,9.23,11,0,2.723,2.321,1.165,0,0
77-73-6,C1=CC2C(C1)C1C=CC2C1,train,4.100,0,0,0,3.267,2.318,0.963,0,0
110-83-8,C1CCC=CC1,train,3.941,0,0,0,2.067,1.8,1.25,0,0
287-92-3,C1CCCC1,train,3.809,0,0,0,2.746,1.667,1.4,0,0
110-82-7,C1CCCCC1,train,4.340,0,0,0,3.124,1.8,1.417,0,0
110-89-4,C1CCCNC1,train,3.930,12.03,18.011,1,0.817,1.8,1.488,1,0
121-29-9,C=C/C=C/CC1=C(C)C(CC1=O)OC(=O)C1C(C1(C)C)/C=C(/C(=O)OC)\C,train,7.371,69.67,97.435,0,3.122,3.723,1.26,0,2
107-13-1,C=CC#N,train,3.780,23.79,31.059,0,0.094,1.334,1.115,1,1
224452-66-8,C=CC1(C)CC(OC(=O)CSC2CC3CCC(C2)N3C)C2(C)C(C)CCC3(C(C1O)C)C2C(=O)CC3,train,4.112,92.14,107.097,1,4.275,4.174,1.174,1,1
100-42-5,C=Cc1ccccc1,train,3.533,0,0,0,2.851,1.989,0.938,0,0
74-83-9,CBr,train,4.632,0,0,0,1.115,1,0.588,0,0
26002-80-2,CC(=CC1C(C1(C)C)C(=O)OCc1cccc(c1)Oc1ccccc1)C,train,7.693,35.53,47.145,0,4.579,3.875,1.124,0,1
67-64-1,CC(=O)C,train,0.673,17.07,25.145,0,0.202,1.225,1.66,0,0
123-54-6,CC(=O)CC(=O)C,train,3.323,34.14,50.29,0,0.076,1.654,1.493,0,0
81-81-2,CC(=O)CC(C1=C(O)c2ccccc2OC1=O)c3ccccc3,train,2.955,67.51,103.973,1,3.204,3.344,0.938,0,1
103-90-2,CC(=O)Nc1ccc(cc1)O,train,4.216,49.33,85.839,2,1.06,2.272,1.007,1,1
104227-87-4,CC(=O)OCC(CCn1cnc2c1nc(N)nc2)COC(=O)C,train,2.593,122.22,155.543,2,1.406,3.511,1.456,5,2
5417-35-6,CC(C1OCC=CCO1)C,train,2.272,18.46,22,0,1.262,2.147,1.576,0,0
35723-83-2,CC(CCCCCCCCCCN(CCCCCCCCCCC(C)C)CCCCCCCCCCC(C)C)C,train,5.960,3.24,3.124,0,9.148,5.497,1.559,1,0
57157-80-9,CC(CCCCCCCCCCNCCCCCCCCCCC(C)C)C,train,6.537,12.03,18.011,1,6.728,4.392,1.554,1,0
29761-21-5,CC(CCCCCCCOP(=O)(Oc1ccccc1)Oc1ccccc1)C,train,7.100,54.57,41.028,0,5.65,4.026,1.575,0,0
13408-56-5,CC(CCC(C(C1CCC2(C1(C)CCC1C2=CC(=O)C2C1(C)CC(O)C(C2)O)O)(O)C)O)C,train,6.424,118.22,238.562,5,2.201,3.83,1.214,0,0
15687-27-1,CC(Cc1ccc(cc1)C(C(=O)O)C)C,train,4.355,37.3,67.828,1,3.23,2.63,1.166,0,1
67306-00-7,CC(Cc1ccc(cc1)C(C)(C)C)CN1CCCCC1,train,5.721,3.24,3.124,0,4.48,3.258,1.31,1,0
67564-91-4,CC(Cc1ccc(cc1)C(C)(C)C)CN1CC(C)OC(C1)C,train,5.102,12.47,14.124,0,3.827,3.362,1.373,1,0
71-55-6,CC(Cl)(Cl)Cl,train,3.718,0,0,0,2.226,1.265,0.57,0,0
1717-00-6,CC(Cl)(Cl)F,train,3.577,0,14.96,0,2.026,1.265,0.722,0,0
2303-17-5,CC(N(C(=O)SCC(=C(Cl)Cl)Cl)C(C)C)C,train,6.458,45.61,28.269,0,3.012,2.557,0.901,1,0
108-18-9,CC(NC(C)C)C,train,2.352,12.03,18.011,1,1.587,1.654,1.732,1,0
3930-20-9,CC(NCC(c1ccc(cc1)NS(=O)(=O)C)O)C,train,2.958,86.81,121.412,3,0.709,2.938,1.416,2,0
5964-62-5,CC(c1cc(/N=N/c2ccc(cc2)S(=O)(=O)c2ccc(cc2)/N=N/c2cc(C(C)C)c(cc2C)O)c(cc1O)C)C,train,5.440,132.42,196.332,2,4.478,4.984,1.087,4,0
79-94-7,CC(c1cc(Br)c(c(c1)Br)O)(c1cc(Br)c(c(c1)Br)O)C,train,4.838,40.46,85.367,2,5.255,3.001,0.485,0,0
3547-04-4,CC(c1ccc(cc1)Cl)c1ccc(cc1)Cl,train,6.858,0,0,0,5.453,2.837,0.735,0,0
140-66-9,CC(c1ccc(cc1)O)(CC(C)(C)C)C,train,6.360,20.23,42.683,1,3.921,2.494,1.229,0,0
80-05-7,CC(c1ccc(cc1)O)(c1ccc(cc1)O)C,train,4.301,40.46,85.367,2,3.306,2.832,0.917,0,0
98-82-8,CC(c1ccccc1)C,train,3.772,0,0,0,3.259,2.048,1.111,0,0
578-54-1,CCc1ccccc1N,train,4.179,26.02,32.897,2,2.193,2.031,0.992,1,0
78-59-1,CC1=CC(=O)CC(C1)(C)C,train,3.061,17.07,25.145,0,1.947,2.005,1.276,0,0
99-86-5,CC1=CC=C(CC1)C(C)C,train,4.867,0,0,0,3.267,2.119,1.25,0,0
5989-27-5,CC1=CCC(CC1)C(=C)C,train,5.373,0,0,0,3.267,2.119,1.25,0,0
80-56-8,CC1=CCC2CC1C2(C)C,train,3.522,0,0,0,3.374,2.118,1.204,0,0
75-07-0,CC=O,train,0.550,17.07,25.145,0,-0.317,1.155,1.74,0,0
709-98-8,CCC(=O)Nc1ccc(c(c1)Cl)Cl,train,4.714,29.1,43.156,1,3.076,2.438,0.773,1,1
79-09-4,CCC(=O)O,train,3.170,37.3,67.828,1,0.133,1.401,1.582,0,1
149-31-5,CCC(C(CO)C)O,train,1.220,40.46,85.367,2,0.706,1.768,1.594,0,0
78-99-9,CCC(Cl)Cl,train,3.631,0,0,0,2.226,1.401,0.826,0,0
40487-42-1,CCC(Nc1c(cc(c(c1[N+](=O)[O-])C)C)[N+](=O)[O-])CC,train,3.725,103.67,119.505,1,3.546,2.847,1.211,3,0
88-85-7,CCC(c1cc(cc(c1O)[N+](=O)[O-])[N+](=O)[O-])C,train,6.000,111.87,144.177,1,2.702,2.626,1.047,2,0
3766-81-2,CCC(c1ccccc1OC(=O)NC)C,train,6.320,38.33,54.156,1,2.391,2.612,1.293,1,0
50-06-6,CCC1(C(=O)NC(=O)NC1=O)c1ccccc1,train,2.201,75.27,111.456,2,0.779,2.709,1.029,2,2
123-38-6,CCC=O,train,2.815,17.07,25.145,0,0.202,1.334,1.66,0,0
37517-30-9,CCCC(=O)Nc1ccc(c(c1)C(=O)C)OCC(CNC(C)C)O,train,3.819,87.66,139.995,3,1.589,3.514,1.339,2,1
107-92-6,CCCC(=O)O,train,3.160,37.3,67.828,1,0.586,1.577,1.56,0,1
60207-90-1,CCCC1COC(O1)(Cn1cncn1)c1ccc(cc1Cl)Cl,train,4.720,49.17,55.448,0,4.168,3.329,1.042,3,0
51333-22-3,CCCC1OC2C(O1)(C(=O)CO)C1(C(C2)C2CCC3=CC(=O)C=CC3(C2C(C1)O)C)C,train,4.333,93.06,157.656,2,2.014,3.767,1.189,0,0
109-66-0,CCCCC,train,3.870,0,0,0,3.138,1.509,1.7,0,0
109-52-4,CCCCC(=O)O,train,3.358,37.3,67.828,1,0.996,1.746,1.547,0,1
149-57-5,CCCCC(C(=O)O)CC,train,3.080,37.3,67.828,1,2.06,2.06,1.529,0,1
104-76-7,CCCCC(CO)CC,train,3.115,20.23,42.683,1,2.274,2.005,1.596,0,0
103-23-1,CCCCC(COC(=O)CCCCC(=O)OCC(CCCC)CC)CC,train,5.749,52.6,72.29,0,4.737,3.907,1.595,0,2
117-81-7,CCCCC(COC(=O)c1ccccc1C(=O)OCC(CCCC)CC)CC,train,4.550,52.6,72.29,0,5.426,3.893,1.402,0,2
1241-94-7,CCCCC(COP(=O)(Oc1ccccc1)Oc1ccccc1)CC,train,6.383,54.57,41.028,0,5.208,3.691,1.585,0,0
110-54-3,CCCCCC,train,4.340,0,0,0,3.516,1.678,1.667,0,0
96829-58-2,CCCCCCCCCCCC(CC1OC(=O)C1CCCCCC)OC(=O)C(CC(C)C)NC=O,train,4.850,81.7,115.445,1,5.44,4.623,1.517,1,3
104-40-5,CCCCCCCCCc1ccc(cc1)O,train,6.064,20.23,42.683,1,5.089,3.049,1.247,0,0
1806-26-4,CCCCCCCCc1ccc(cc1)O,train,6.360,20.23,42.683,1,4.833,2.913,1.229,0,0
26530-20-1,CCCCCCCCn1sccc1=O,train,6.074,50.24,26.663,0,3.247,2.789,1.206,1,1
111-70-6,CCCCCCCO,train,3.226,20.23,42.683,1,1.94,1.997,1.61,0,0
154361-50-9,CCCCCOC(=O)NC1=NC(=O)N(C=C1F)C2C(C(C(O2)C)O)O,train,2.626,122.91,210.537,3,0.868,3.59,1.462,3,1
1114-71-2,CCCCN(C(=O)SCCC)CC,train,4.474,45.61,28.269,0,2.275,2.445,1.29,1,0
592-82-5,CCCCN=C=S,train,5.429,44.45,16.786,0,2.539,1.84,0.92,1,1
55406-53-6,CCCCNC(=O)OCC#CI,train,6.848,38.33,54.156,1,1.737,2.472,0.638,1,0
1516-32-1,CCCCNC(=S)N,train,3.850,70.14,50.908,3,0.59,1.909,0.907,2,0
84-74-2,CCCCOC(=O)c1ccccc1C(=O)OCCCC,train,4.878,52.6,72.29,0,3.618,3.197,1.356,0,2
85-68-7,CCCCOC(=O)c1ccccc1C(=O)OCc1ccccc1,train,5.190,52.6,72.29,0,4.091,3.568,1.15,0,2
142-96-1,CCCCOCCCC,train,3.700,9.23,11,0,2.274,2.15,1.754,0,0
51-03-6,CCCCOCCOCCOCc1cc2OCOc2cc1CCC,train,5.291,46.15,54.999,0,2.11,3.866,1.521,0,0
2528-36-1,CCCCOP(=O)(Oc1ccccc1)OCCCC,train,6.042,54.57,41.028,0,3.742,3.136,1.773,0,0
104-51-8,CCCCc1ccccc1,train,5.548,0,0,0,3.562,2.281,1.15,0,0
759-94-4,CCCN(C(=O)SCC)CCC,train,4.608,45.61,28.269,0,1.971,2.294,1.275,1,0
2556-42-5,CCCN(C(=S)SSC(=S)N(CCC)CCC)CCC,train,6.188,121.26,6.249,0,2.869,3.095,0.862,2,0
1582-09-8,CCCN(c1c(cc(cc1[N+](=O)[O-])C(F)(F)F)[N+](=O)[O-])CCC,train,6.240,94.88,149.498,0,4.207,3.047,1.283,3,0
71-23-8,CCCO,train,0.935,20.23,42.683,1,0.347,1.334,1.768,0,0
24579-73-5,CCCOC(=O)NCCCN(C)C,train,3.250,41.57,57.28,1,0.734,2.548,1.853,2,0
107-03-9,CCCS,train,6.102,38.8,0,1,1.364,1.334,1.212,0,0
13194-48-4,CCCSP(=O)(SCCC)OCC,train,6.579,86.71,27.185,0,2.06,2.394,1.088,0,0
54965-21-8,CCCSc1ccc2c(c1)nc([nH]2)NC(=O)OC,train,7.044,92.31,70.941,2,2.195,3.082,0.999,3,0
29232-93-7,CCN(c1nc(cc(n1)C)OP(=S)(OC)OC)CC,train,9.140,98.61,57.46,0,2.054,2.891,1.442,3,0
542-85-8,CCN=C=S,train,5.308,44.45,16.786,0,1.676,1.509,0.779,1,1
105-55-5,CCNC(=S)NCC,train,2.838,56.15,36.022,2,0.59,1.879,1.001,2,0
2741-06-2,CCNC(=S)Nc1ccccc1,train,3.351,56.15,36.022,2,1.945,2.461,0.805,2,0
122-34-9,CCNc1nc(NCC)nc(n1)Cl,train,3.331,62.73,86.378,2,2.273,2.478,1.254,5,0
21725-46-2,CCNc1nc(nc(n1)Cl)NC(C#N)(C)C,train,6.447,86.52,117.437,2,2.031,2.679,1.198,6,1
64-17-5,CCO,train,0.590,20.23,42.683,1,-0.172,1.155,1.911,0,0
77501-63-4,CCOC(=O)C(OC(=O)c1cc(ccc1[N+](=O)[O-])Oc1ccc(cc1Cl)C(F)(F)F)C,train,5.030,107.65,178.917,0,4.219,3.945,1.078,1,2
105-37-3,CCOC(=O)CC,train,2.827,26.3,36.145,0,0.996,1.723,1.805,0,1
105-53-3,CCOC(=O)CC(=O)OCC,train,2.899,52.6,72.29,0,0.787,2.223,1.8,0,2
121-75-5,CCOC(=O)CC(C(=O)OCC)SP(=S)(OC)OC,train,8.349,138.26,86.133,0,0.491,2.854,1.146,0,2
84-66-2,CCOC(=O)c1ccccc1C(=O)OCC,train,3.603,52.6,72.29,0,2.577,2.707,1.313,0,2
20485-39-6,CCOC(=O)c1ocnc1C,train,2.668,52.33,62.438,0,0.567,2.239,1.542,1,1
60-29-7,CCOCC,train,1.730,9.23,11,0,0.8,1.509,2.003,0,0
311-45-5,CCOP(=O)(Oc1ccc(cc1)[N+](=O)[O-])OCC,train,9.141,100.39,91.775,0,2.682,2.903,1.823,1,0
786-19-6,CCOP(=S)(OCC)SCSc1ccc(cc1)Cl,train,6.442,110.96,13.843,0,3.089,3.015,0.889,0,0
333-41-5,CCOP(=S)(Oc1cc(C)nc(n1)C(C)C)OCC,train,8.564,95.37,54.336,0,2.433,2.915,1.394,2,0
56-38-2,CCOP(=S)(Oc1ccc(cc1)[N+](=O)[O-])OCC,train,8.150,115.41,71.512,0,2.223,2.903,1.295,1,0
2921-88-2,CCOP(=S)(Oc1nc(Cl)c(cc1Cl)Cl)OCC,train,8.849,82.48,37.55,0,3.213,2.806,1.172,1,0
13071-79-9,CCOP(=S)(SCSC(C)(C)C)OCC,train,8.207,110.96,13.843,0,1.971,2.52,1.012,0,0
59-06-3,CCOc1cc(ccc1C(=O)OC)NC(=O)C,train,3.072,64.63,90.3,1,1.651,2.785,1.346,1,2
91-53-2,CCOc1ccc2c(c1)C(=CC(N2)(C)C)C,train,5.036,21.26,29.011,1,2.826,2.709,1.184,1,0
944-22-9,CCP(=S)(Sc1ccccc1)OCC,train,7.483,76.43,6.922,0,2.723,2.553,0.835,0,0
75-08-1,CCS,train,5.562,38.8,0,1,0.845,1.155,1.177,0,0
2212-67-1,CCSC(=O)N1CCCCCC1,train,4.437,45.61,28.269,0,1.579,2.397,1.162,1,0
298-02-2,CCSCSP(=S)(OCC)OCC,train,7.128,110.96,13.843,0,1.321,2.402,0.988,0,0
114-07-8,CCC1OC(=O)C(C)C(OC2OC(C)C(C(C2)(C)OC)O)C(C)C(OC2OC(C)CC(C2O)N(C)C)C(CC(C(=O)C(C(C1(C)O)O)C)C)(C)O,train,3.277,193.91,332.83,5,-0.139,4.73,1.551,1,1
83905-01-5,CCC1OC(=O)C(C)C(OC2OC(C)C(C(C2)(C)OC)O)C(C)C(OC2OC(C)CC(C2O)N(C)C)C(CC(CN(C(C(C1(C)O)O)C)C)C)(C)O,train,3.795,180.08,310.81,5,0.143,4.805,1.597,2,1
81103-11-9,CCC1OC(=O)C(C)C(OC2CC(C)(OC)C(C(O2)C)O)C(C)C(OC2OC(C)CC(C2O)N(C)C)C(CC(C(=O)C(C(C1(C)O)O)C)C)(C)OC,train,4.602,182.91,301.147,4,0.036,4.758,1.584,1,1
112410-23-8,CCc1ccc(cc1)C(=O)NN(C(C)(C)C)C(=O)c1cc(C)cc(c1)C,train,4.307,49.41,71.18,1,4.761,3.537,1.147,2,2
589-16-2,CCc1ccc(cc1)N,train,6.130,26.02,32.897,2,2.193,2.056,0.992,1,0
104-90-5,CCc1ccc(nc1)C,train,3.481,12.89,16.786,0,1.533,2.056,1.203,1,0
58-14-0,CCc1nc(N)nc(c1c1ccc(cc1)Cl)N,train,4.632,77.82,99.365,4,3.048,2.813,0.791,4,0
98079-51-7,CCN1C=C(C(O)=O)C(=O)c2cc(F)c(N3CCNC(C)C3)c(F)c12,train,3.432,74.57,147.153,2,1.789,3.373,1.175,3,1
632-22-4,CN(C(=O)N(C)C)C,train,1.601,23.55,31.394,0,0.16,1.7,2.092,2,0
23103-98-2,CN(C(=O)Oc1nc(nc(c1C)C)N(C)C)C,train,7.037,58.56,75.965,0,1.648,2.689,1.675,4,0
2782-91-4,CN(C(=S)N(C)C)C,train,2.232,38.57,6.249,0,0.59,1.7,1.19,2,0
6972-05-0,CN(C(=S)N)C,train,3.392,61.35,36.022,2,-0.273,1.475,0.876,2,0
97-74-5,CN(C(=S)SC(=S)N(C)C)C,train,4.858,95.96,6.249,0,0.454,2.072,0.8,2,0
137-26-8,CN(C(=S)SSC(=S)N(C)C)C,train,6.059,121.26,6.249,0,0.454,2.227,0.677,2,0
15263-53-3,CN(C(CSC(=O)N)CSC(=O)N)C,train,7.378,140.02,119.209,4,-0.812,2.478,0.926,3,0
680-31-9,CN(P(=O)(N(C)C)N(C)C)C,train,1.430,36.6,20.263,0,1.354,1.89,2.073,3,0
57-62-5,CN(C1C(=C(C(=O)N)C(=O)C2(C1CC1C(=C2O)C(=O)c2c(C1(C)O)c(Cl)ccc2O)O)O)C,train,3.573,181.62,324.873,7,-0.392,3.629,0.863,2,1
60-54-8,CN(C1C(=C(C(=O)N)C(=O)C2(C1CC1C(=C2O)C(=O)c2c(C1(C)O)cccc2O)O)O)C,train,6.430,181.62,324.873,7,-0.875,3.595,0.945,2,1
121-69-7,CN(c1ccccc1)C,train,4.385,3.24,3.124,0,2.193,2.048,1.241,1,0
4104-75-0,CN(c1ccccc1)C(=S)N,train,3.298,61.35,36.022,2,1.628,2.231,0.75,2,0
66357-35-5,CN/C(=C/[N+](=O)[O-])/NCCSCc1ccc(o1)CN(C)C,train,2.685,111.56,99.4,2,0.658,3.426,1.189,4,0
54-11-5,CN1CCCC1c1cccnc1,train,4.733,16.13,19.91,0,1.272,2.473,1.256,2,0
82419-36-1,CC1COc2c(N3CCN(C)CC3)c(F)cc3C(=O)C(=CN1c23)C(O)=O,train,3.674,75.01,128.306,1,1.146,3.505,1.232,3,1
533-74-4,CN1CN(C)CSC1=S,train,5.470,63.87,6.249,0,0.198,1.975,0.858,2,0
6923-22-4,CNC(=O)/C=C(/OP(=O)(OC)OC)\C,train,5.760,83.67,84.184,1,0.349,2.397,2.092,1,1
60-51-5,CNC(=O)CSP(=S)(OC)OC,train,5.130,114.76,56.999,1,-0.755,2.214,1.033,1,1
23135-22-0,CNC(=O)O/N=C(/C(=O)N(C)C)\SC,train,5.120,96.3,102.044,1,-0.463,2.434,1.256,3,2
1646-88-4,CNC(=O)O/N=C/C(S(=O)(=O)C)(C)C,train,5.900,93.21,118.087,1,-0.147,2.355,1.644,2,0
116-06-3,CNC(=O)O/N=C/C(SC)(C)C,train,5.551,75.99,73.774,1,0.787,2.266,1.185,2,0
1563-66-2,CNC(=O)Oc1cccc2c1OC(C2)(C)C,train,6.520,47.56,65.155,1,1.459,2.72,1.265,1,0
22781-23-3,CNC(=O)Oc1cccc2c1OC(O2)(C)C,train,6.883,56.79,76.155,1,1.064,2.72,1.346,1,0
63-25-2,CNC(=O)Oc1cccc2c1cccc2,train,5.942,38.33,54.156,1,2.222,2.725,1.012,1,0
598-52-7,CNC(=S)N,train,3.979,70.14,50.908,3,-0.792,1.401,0.647,2,0
2489-77-2,CNC(=S)N(C)C,train,2.188,47.36,21.135,1,0.18,1.627,1.051,2,0
103628-48-4,CNS(=O)(=O)Cc1ccc2c(c1)c(CCN(C)C)c[nH]2,train,3.008,73.58,63.842,2,0.894,3.136,1.388,3,0
100-61-8,CNc1ccccc1,train,5.790,12.03,18.011,1,1.859,1.989,1.062,1,0
67-56-1,CO,train,0.989,20.23,42.683,1,-0.814,1,2.353,0,0
141517-21-7,CO/N=C(\c1ccccc1CO/N=C(/c1cccc(c1)C(F)(F)F)\C)/C(=O)OC,train,5.742,69.48,142.262,0,4.096,3.884,1.169,2,1
175013-18-0,COC(=O)N(c1ccccc1COc1ccn(n1)c1ccc(cc1)Cl)OC,train,6.756,65.82,80.765,0,3.692,3.883,1.087,3,0
23564-05-8,COC(=O)NC(=S)Nc1ccccc1NC(=S)NC(=O)OC,train,4.330,164.9,144.333,4,0.16,3.323,0.833,4,0
13684-63-4,COC(=O)Nc1cccc(c1)OC(=O)Nc1cccc(c1)C,train,4.652,76.66,108.311,2,2.087,3.468,1.137,2,0
131-11-3,COC(=O)c1ccccc1C(=O)OC,train,3.770,52.6,72.29,0,2.005,2.468,1.281,0,2
40596-69-8,COC(CCCC(C/C=C/C(=C/C(=O)OC(C)C)/C)C)(C)C,train,5.475,35.53,47.145,0,3.967,3.368,1.533,0,1
70630-17-0,COCC(=O)N(c1c(C)cccc1C)C(C(=O)OC)C,train,3.536,55.84,75.414,0,1.907,2.892,1.439,1,2
51218-45-2,COCC(N(c1c(C)cccc1CC)C(=O)CCl)C,train,4.339,29.54,39.269,0,3.026,2.828,1.243,1,1
107-98-2,COCC(O)C,train,0.590,29.46,53.683,1,-0.081,1.577,1.952,0,0
108-65-6,COCC(OC(=O)C)C,train,2.511,35.53,47.145,0,0.538,1.952,1.928,0,1
20324-32-7,COCC(OCC(O)C)C,train,1.888,38.69,64.683,1,0.224,2.108,1.904,0,0
52-68-6,COP(=O)(C(C(Cl)(Cl)Cl)O)OC,train,7.699,65.57,76.79,1,0.489,1.999,1.533,0,0
30560-19-1,COP(=O)(NC(=O)C)SC,train,4.107,90.51,65.67,1,-0.759,1.929,1.402,1,1
10265-92-6,COP(=O)(SC)N,train,6.618,87.43,55.411,2,-1.222,1.575,1.362,1,0
122-14-5,COP(=S)(Oc1ccc(c(c1)C)[N+](=O)[O-])OC,train,7.671,115.41,71.512,0,1.919,2.72,1.291,1,0
298-00-0,COP(=S)(Oc1ccc(cc1)[N+](=O)[O-])OC,train,7.341,115.41,71.512,0,1.602,2.687,1.288,1,0
86-50-0,COP(=S)(OC)SCN1N=Nc2ccccc2C1=O,train,7.858,133.44,75.193,0,0.906,3.034,0.941,3,1
1825-21-4,COc1c(Cl)c(Cl)c(c(c1Cl)Cl)Cl,train,7.012,9.23,11,0,4.19,2.225,0.58,0,0
2539-17-5,COc1c(O)c(Cl)c(c(c1Cl)Cl)Cl,train,6.176,29.46,53.683,1,3.028,2.225,0.548,0,0
57057-83-7,COc1c(O)cc(c(c1Cl)Cl)Cl,train,5.527,29.46,53.683,1,2.736,2.183,0.62,0,0
83-66-9,COc1c([N+](=O)[O-])c(C)c(cc1C(C)(C)C)[N+](=O)[O-],train,5.636,100.87,112.494,0,3.275,2.661,1.243,2,0
2668-24-8,COc1cc(Cl)c(c(c1O)Cl)Cl,train,5.372,29.46,53.683,1,2.736,2.187,0.62,0,0
104-94-9,COc1ccc(cc1)N,train,5.571,35.25,43.897,2,1.246,2.056,1.081,1,0
19937-59-8,COc1ccc(cc1Cl)NC(=O)N(C)C,train,3.155,41.57,57.28,1,1.838,2.611,1.175,2,0
73590-58-6,COc1ccc2c(c1)nc([nH]2)S(=O)Cc1ncc(c(c1C)OC)C,train,3.594,96.31,77.727,1,1.126,3.536,1.157,3,0
536-90-3,COc1cccc(c1)N,train,5.642,35.25,43.897,2,1.246,2.046,1.081,1,0
150-19-6,COc1cccc(c1)O,train,3.480,29.46,53.683,1,1.246,2.046,1.114,0,0
100-66-3,COc1ccccc1,train,3.432,9.23,11,0,1.859,1.989,1.164,0,0
90-04-0,COc1ccccc1N,train,4.011,35.25,43.897,2,1.246,2.031,1.081,1,0
90-05-1,COc1ccccc1O,train,3.680,29.46,53.683,1,1.246,2.031,1.114,0,0
72956-09-3,COc1ccccc1OCCNCC(COc1cccc2c1c1ccccc1[nH]2)O,train,5.132,75.74,93.694,3,2.195,4.365,1.086,2,0
55-38-9,CSc1ccc(cc1C)OP(=S)(OC)OC,train,6.790,94.89,20.765,0,2.492,2.659,1.194,0,0
28159-98-0,CSc1nc(NC2CC2)nc(n1)NC(C)(C)C,train,4.485,88.03,86.378,2,3.185,2.93,1.13,5,0
30125-65-6,CSc1nc(nc(n1)N)NC(C)(C)C,train,4.288,102.02,101.265,3,2.273,2.459,1.086,5,0
95-93-2,Cc1cc(C)c(cc1C)C,train,5.450,0,0,0,3.562,2.031,1.15,0,0
95-36-3,Cc1ccc(c(c1)C)C,train,4.530,0,0,0,3.259,1.975,1.111,0,0
105-67-9,Cc1ccc(c(c1)C)O,train,4.765,20.23,42.683,1,2.193,1.975,1.02,0,0
106-42-3,Cc1ccc(cc1)C,train,3.524,0,0,0,2.942,1.924,1.063,0,0
134308-13-7,Cc1ccc(cc1)C(=O)c1cc(O)c(c(c1)[N+](=O)[O-])O,train,4.140,103.35,161.259,2,2.401,3.053,0.798,1,0
99-87-6,Cc1ccc(cc1)C(C)C,train,4.317,0,0,0,3.562,2.119,1.15,0,0
106-43-4,Cc1ccc(cc1)Cl,train,4.933,0,0,0,3.21,1.924,0.788,0,0
106-44-5,Cc1ccc(cc1)O,train,3.710,20.23,42.683,1,1.859,1.924,0.949,0,0
877-43-0,Cc1ccc2c(c1)ccc(n2)C,train,3.618,12.89,16.786,0,2.66,2.408,0.976,1,0
91-57-6,Cc1ccc2c(c1)cccc2,train,4.980,0,0,0,3.677,2.344,0.868,0,0
14315-14-1,Cc1ccc2c(c1)ccs2,train,4.025,28.24,0,0,3.169,2.238,0.711,0,0
108-38-3,Cc1cccc(c1)C,train,3.653,0,0,0,2.942,1.918,1.063,0,0
108-44-1,Cc1cccc(c1)N,train,5.168,26.02,32.897,2,1.859,1.918,0.917,1,0
108-39-4,Cc1cccc(c1)O,train,3.760,20.23,42.683,1,1.859,1.918,0.949,0,0
99-08-1,Cc1cccc(c1)[N+](=O)[O-],train,4.040,45.82,50.747,0,2.241,2.108,0.942,1,0
90-12-0,Cc1cccc2c1cccc2,train,5.001,0,0,0,3.677,2.324,0.868,0,0
95-47-6,Cc1ccccc1C,train,3.791,0,0,0,2.942,1.908,1.063,0,0
95-48-7,Cc1ccccc1O,train,3.863,20.23,42.683,1,1.859,1.908,0.949,0,0
3056-17-5,CC1=CN(C(=O)NC1=O)C2C=CC(O2)CO,train,2.359,84.32,125.108,2,0.139,2.748,1.267,2,1
1455-18-1,Cc1csc2c1cccc2,train,4.756,28.24,0,0,3.169,2.224,0.711,0,0
127-18-4,ClC(=C(Cl)Cl)Cl,train,4.002,0,0,0,2.459,1.475,1.5,0,0
75-35-4,ClC(=C)Cl,train,3.280,0,0,0,1.672,1.225,0.562,0,0
52645-53-1,ClC(=CC1C(C1(C)C)C(=O)OCc1cccc(c1)Oc1ccccc1)Cl,train,8.067,35.53,47.145,0,4.579,3.875,0.927,0,1
3282-30-2,ClC(=O)C(C)(C)C,train,2.576,17.07,25.145,0,1.442,1.509,1.157,0,1
67-72-1,ClC(C(Cl)(Cl)Cl)(Cl)Cl,train,4.927,0,0,0,3.291,1.549,2,0,0
76-01-7,ClC(C(Cl)(Cl)Cl)Cl,train,4.186,0,0,0,2.957,1.509,0.533,0,0
79-34-5,ClC(C(Cl)Cl)Cl,train,3.460,0,0,0,2.604,1.475,0.505,0,0
306-83-2,ClC(C(F)(F)F)Cl,train,3.954,0,44.88,0,2.419,1.509,0.731,0,0
50-29-3,ClC(C(c1ccc(cc1)Cl)c1ccc(cc1)Cl)(Cl)Cl,train,8.271,0,0,0,6.166,2.959,0.57,0,0
56-23-5,ClC(Cl)(Cl)Cl,train,3.643,0,0,0,2.226,1.265,2.5,0,0
67-66-3,ClC(Cl)Cl,train,3.254,0,0,0,1.817,1.225,0.502,0,0
77-47-4,ClC1=C(Cl)C(C(=C1Cl)Cl)(Cl)Cl,train,6.720,0,0,0,3.558,1.978,1,0,0
60-57-1,ClC1=C(Cl)C2(C(C1(Cl)C1C2C2CC1C1C2O1)(Cl)Cl)Cl,train,6.508,12.53,11,0,4.452,2.862,0.543,0,0
1031-07-8,ClC1=C(Cl)C2(C(C1(Cl)C1C2COS(=O)(=O)OC1)(Cl)Cl)Cl,train,5.300,60.98,61.404,0,3.429,2.749,1.08,0,0
1024-57-3,ClC1C2OC2C2C1C1(Cl)C(=C(C2(C1(Cl)Cl)Cl)Cl)Cl,train,6.210,12.53,11,0,4.214,2.687,0.504,0,0
76-44-8,ClC1C=CC2C1C1(Cl)C(=C(C2(C1(Cl)Cl)Cl)Cl)Cl,train,6.777,0,0,0,5.124,2.515,0.456,0,0
12789-03-6,ClC1CC2C(C1Cl)C1(C(C2(Cl)C(=C1Cl)Cl)(Cl)Cl)Cl,train,6.623,0,0,0,5.469,2.573,0.465,0,0
79-01-6,ClC=C(Cl)Cl,train,3.485,0,0,0,2.081,1.401,0.501,0,0
156-60-5,ClC=CCl,train,2.642,0,0,0,1.672,1.334,0.562,0,0
96-18-4,ClCC(CCl)Cl,train,3.655,0,0,0,2.604,1.559,0.664,0,0
630-20-6,ClCC(Cl)(Cl)Cl,train,3.842,0,0,0,2.604,1.43,0.505,0,0
78-87-5,ClCC(Cl)C,train,3.339,0,0,0,2.226,1.401,0.826,0,0
106-89-8,ClCC1CO1,train,3.587,12.53,11,0,0.408,1.689,1.038,0,0
542-75-6,ClCC=CCl,train,4.322,0,0,0,2.081,1.509,0.685,0,0
107-06-2,ClCCCl,train,2.490,0,0,0,1.817,1.334,0.718,0,0
111-91-1,ClCCOCOCCCl,train,2.937,18.46,22,0,1.466,2.15,1.22,0,0
16672-87-0,ClCCP(=O)(O)O,train,3.044,67.34,94.527,2,-0.297,1.604,1.682,0,0
634-66-2,Clc1c(Cl)ccc(c1Cl)Cl,train,5.600,0,0,0,4.634,2.018,0.461,0,0
87-61-6 ,Clc1c(Cl)cccc1Cl,train,4.750,0,0,0,4.063,1.96,0.499,0,0
87-86-5,Clc1c(O)c(Cl)c(c(c1Cl)Cl)Cl,train,5.560,20.23,42.683,1,3.909,2.12,0.281,0,0
18259-05-7,Clc1c(c2ccccc2)c(Cl)c(c(c1Cl)Cl)Cl,train,7.610,0,0,0,6.232,2.728,0.493,0,0
38380-07-3,Clc1c(ccc(c1Cl)Cl)c1ccc(c(c1Cl)Cl)Cl,train,8.780,0,0,0,6.47,2.805,0.469,0,0
1570-65-6,Clc1cc(C)c(c(c1)Cl)O,train,5.632,20.23,42.683,1,3.046,2.027,0.602,0,0
634-90-2,Clc1cc(Cl)c(c(c1)Cl)Cl,train,4.874,0,0,0,4.634,2.027,0.461,0,0
88-06-2,Clc1cc(Cl)c(c(c1)Cl)O,train,4.495,20.23,42.683,1,3.314,2.027,0.409,0,0
608-93-5,Clc1cc(Cl)c(c(c1Cl)Cl)Cl,train,4.674,0,0,0,4.926,2.074,0.478,0,0
636-30-6,Clc1cc(Cl)c(cc1N)Cl,train,4.761,26.02,32.897,2,3.314,2.031,0.366,1,0
95-95-4,Clc1cc(Cl)c(cc1O)Cl,train,4.864,20.23,42.683,1,3.314,2.031,0.409,0,0
35065-27-1,Clc1cc(Cl)c(cc1c1cc(Cl)c(cc1Cl)Cl)Cl,train,8.440,0,0,0,6.47,2.821,0.469,0,0
15862-07-4,Clc1cc(Cl)c(cc1c1ccccc1)Cl,train,5.640,0,0,0,5.472,2.676,0.577,0,0
1836-77-7,Clc1cc(Cl)cc(c1Oc1ccc(cc1)[N+](=O)[O-])Cl,train,5.878,55.05,61.747,0,4.296,3.055,0.603,1,0
618-62-2,Clc1cc(cc(c1)Cl)[N+](=O)[O-],train,4.434,45.82,50.747,0,3.11,2.165,0.478,1,0
50594-66-6,Clc1cc(ccc1Oc1ccc(c(c1)C(=O)O)[N+](=O)[O-])C(F)(F)F,train,4.257,92.35,174.455,1,3.84,3.373,0.802,1,1
1570-64-5,Clc1ccc(c(c1)C)O,train,5.691,20.23,42.683,1,2.461,1.975,0.737,0,0
95-73-8,Clc1ccc(c(c1)Cl)C,train,5.420,0,0,0,3.795,1.975,0.657,0,0
112281-77-3,Clc1ccc(c(c1)Cl)C(Cn1cncn1)COC(C(F)F)(F)F,train,4.713,39.94,104.289,0,4.281,3.357,1.002,3,0
120-82-1,Clc1ccc(c(c1)Cl)Cl,train,4.830,0,0,0,4.063,1.975,0.499,0,0
554-00-7,Clc1ccc(c(c1)Cl)N,train,5.430,26.02,32.897,2,2.729,1.975,0.462,1,0
120-83-2,Clc1ccc(c(c1)Cl)O,train,4.797,20.23,42.683,1,2.729,1.975,0.5,0,0
611-06-3,Clc1ccc(c(c1)Cl)[N+](=O)[O-],train,4.660,45.82,50.747,0,3.11,2.16,0.478,1,0
2437-79-8,Clc1ccc(c(c1)Cl)c1ccc(cc1Cl)Cl,train,6.989,0,0,0,5.989,2.733,0.529,0,0
95-82-9,Clc1ccc(c(c1)N)Cl,train,4.742,26.02,32.897,2,2.729,1.975,0.462,1,0
3380-34-5,Clc1ccc(c(c1)O)Oc1ccc(cc1Cl)Cl,train,6.109,29.46,53.683,1,3.842,2.887,0.614,0,0
89-59-8,Clc1ccc(c(c1)[N+](=O)[O-])C,train,4.268,45.82,50.747,0,2.842,2.154,0.726,1,0
25875-51-8,Clc1ccc(cc1)/C=N/N/C(=N/N=C/c1ccc(cc1)Cl)/N,train,6.650,75.13,100.774,3,4.512,3.662,0.702,5,0
106-46-7,Clc1ccc(cc1)Cl,train,4.138,0,0,0,3.478,1.924,0.575,0,0
1982-47-4,Clc1ccc(cc1)Oc1ccc(cc1)NC(=O)N(C)C,train,4.992,41.57,57.28,1,3.18,3.292,1.014,2,0
116-29-0,Clc1ccc(cc1)S(=O)(=O)c1cc(Cl)c(cc1Cl)Cl,train,4.711,42.52,44.313,0,4.746,2.905,0.916,0,0
100-00-5,Clc1ccc(cc1)[N+](=O)[O-],train,4.310,45.82,50.747,0,2.509,2.119,0.617,1,0
7012-37-5,Clc1ccc(cc1)c1ccc(cc1Cl)Cl,train,6.209,0,0,0,5.472,2.703,0.577,0,0
2051-62-9,Clc1ccc(cc1)c1ccccc1,train,5.626,0,0,0,4.416,2.605,0.723,0,0
32598-13-3,Clc1ccc(cc1Cl)c1ccc(c(c1)Cl)Cl,train,8.160,0,0,0,5.989,2.758,0.529,0,0
35693-99-3,Clc1ccc(cc1c1cc(Cl)ccc1Cl)Cl,train,6.990,0,0,0,5.989,2.712,0.529,0,0
59467-70-8,Clc1ccc2c(c1)C(=NCc1n2c(C)nc1)c1ccccc1F,train,6.212,30.18,48.531,0,4.27,3.354,0.867,3,0
91-58-7,Clc1ccc2c(c1)cccc2,train,5.500,0,0,0,3.945,2.344,0.678,0,0
541-73-1,Clc1cccc(c1)Cl,train,4.304,0,0,0,3.478,1.918,0.575,0,0
121-73-3,Clc1cccc(c1)[N+](=O)[O-],train,3.840,45.82,50.747,0,2.509,2.108,0.617,1,0
2051-61-8,Clc1cccc(c1)c1ccccc1,train,5.641,0,0,0,4.416,2.591,0.723,0,0
90-13-1,Clc1cccc2c1cccc2,train,5.009,0,0,0,3.945,2.324,0.678,0,0
108-90-7,Clc1ccccc1,train,3.918,0,0,0,2.876,1.857,0.699,0,0
95-50-1,Clc1ccccc1Cl,train,4.787,0,0,0,3.478,1.908,0.575,0,0
58-55-9,CN1C2=C(C(=O)N(C1=O)C)NC=N2,train,2.572,72.68,73.324,1,0.403,2.355,1.424,4,1
59756-60-4,CN1C=C(c2ccccc2)C(=O)C(=C1)c1cccc(c1)C(F)(F)F,train,4.900,22,73.15,0,3.983,3.431,0.951,1,0
58-08-2,CN1C=NC2=C1C(=O)N(C(=O)N2C)C,train,3.028,61.82,73.324,0,0.736,2.405,1.546,4,1
811-97-2,FCC(F)(F)F,train,2.018,0,59.84,0,1.817,1.43,1.988,0,0
51-21-8,C1=C(C(=O)NC(=O)N1)F,train,3.716,65.72,101.271,2,-0.234,1.975,1.091,2,1
85721-33-1,OC(=O)C1=CN(C2CC2)c2cc(N3CCNCC3)c(F)cc2C1=O,train,3.742,74.57,132.193,2,1.671,3.501,1.095,3,1
133855-98-8,Fc1ccc(cc1)C1(Cn2cncn2)OC1c1ccccc1Cl,train,4.579,43.24,59.409,0,4.396,3.542,0.91,3,0
61869-08-7,Fc1ccc(cc1)C1CCNCC1COc1ccc2c(c1)OCO2,train,5.754,39.72,65.971,1,3.289,3.767,1.129,1,0
106266-06-2,CC1=C(CCN2CCC(CC2)c2noc3cc(F)ccc23)C(=O)N2CCCCC2=N1,train,4.835,64.16,92.47,0,3.613,4.245,1.175,4,2
66230-04-4,N#CC(c1cccc(c1)Oc1ccccc1)OC(=O)C(c1ccc(cc1)Cl)C(C)C,train,8.582,59.32,78.204,0,4.832,4.074,0.962,1,2
91465-08-6,N#CC(c1cccc(c1)Oc1ccccc1)OC(=O)C1C(C1(C)C)/C=C(/C(F)(F)F)\Cl,train,8.678,59.32,123.084,0,4.217,4.111,0.994,1,2
66841-25-6,N#CC(c1cccc(c1)Oc1ccccc1)OC(=O)C1C(C1(C)C)C(C(Br)(Br)Br)Br,train,9.945,59.32,78.204,0,4.794,3.99,0.645,1,2
67375-30-8,N#CC(c1cccc(c1)Oc1ccccc1)OC(=O)C1C(C1(C)C)C=C(Cl)Cl,train,9.063,59.32,78.204,0,3.907,3.934,0.908,1,2
51481-61-9,N#CN/C(=N\C)/NCCSCc1[nH]cnc1C,train,2.533,114.19,100.652,3,0.821,3.06,1.082,6,1
115-31-1,N#CSCC(=O)OC1CC2C(C1(C)CC2)(C)C,train,6.475,75.39,67.204,0,2.981,2.784,1.072,1,2
6317-18-6,N#CSCSC#N,train,6.251,98.18,62.119,0,0.796,1.84,0.743,2,2
68359-37-5,N#CC(c1ccc(c(c1)Oc1ccccc1)F)OC(=O)C1C(C1(C)C)C=C(Cl)Cl,train,9.133,59.32,93.164,0,4.279,3.962,0.907,1,2
52918-63-5,N#CC(c1cccc(c1)Oc1ccccc1)OC(=O)C1C(C1(C)C)C=C(Br)Br,train,10.047,59.32,78.204,0,4.115,3.934,0.76,1,2
59729-33-8,N#Cc1ccc2c(c1)COC2(CCCN(C)C)c1ccc(cc1)F,train,4.920,36.26,60.144,0,3.3,3.469,1.102,2,1
14080-23-0,N#Cc1ncccn1,train,3.340,49.57,64.63,0,-0.259,1.989,1.103,3,1
76824-35-6,NC(=Nc1scc(n1)CSCCC(=NS(=O)(=O)N)N)N,train,2.928,237.75,223.047,8,0.083,3.249,1.04,7,1
79-06-1,NC(=O)C=C,train,2.649,43.09,58.042,2,-0.38,1.401,1.151,1,1
127779-20-8,NC(=O)CC(C(=O)NC(C(CN1CC2CCCCC2CC1C(=O)NC(C)(C)C)O)Cc1ccccc1)NC(=O)c1ccc2c(n1)cccc2,train,4.270,166.75,250.102,6,1.632,5.369,1.145,6,4
298-46-4,NC(=O)N1c2ccccc2C=Cc2c1cccc2,train,4.234,48.02,61.166,2,2.589,2.919,0.826,2,0
2008-58-4,NC(=O)c1c(Cl)cccc1Cl,train,2.348,43.09,58.042,2,2.481,2.133,0.506,1,1
62-56-6,NC(=S)N,train,3.884,84.13,65.794,4,-1.434,1.225,0.335,2,0
103-85-5,NC(=S)Nc1ccccc1,train,3.476,70.14,50.908,3,1.294,2.203,0.591,2,0
107-11-9,NCC=C,train,3.133,26.02,32.897,2,0.202,1.334,1.347,1,0
107-15-3,NCCN,train,3.358,52.04,65.794,4,-1.053,1.334,1.61,2,0
54-85-3,NNC(=O)c1ccncc1,train,3.775,68.01,92.593,3,-0.283,2.17,0.893,3,1
626-43-7,Nc1cc(Cl)cc(c1)Cl,train,5.160,26.02,32.897,2,2.729,1.979,0.462,1,0
634-67-3,Nc1ccc(c(c1Cl)Cl)Cl,train,5.430,26.02,32.897,2,3.314,2.018,0.366,1,0
106-47-8,Nc1ccc(cc1)Cl,train,6.409,26.02,32.897,2,2.127,1.924,0.597,1,0
108-45-2,Nc1cccc(c1)N,train,4.263,52.04,65.794,4,0.893,1.918,0.732,2,0
62-53-3,Nc1ccccc1,train,5.371,26.02,32.897,2,1.506,1.857,0.815,1,0
7481-89-2,C1CC(OC1CO)N2C=CC(=NC2=O)N,train,2.072,90.37,131.635,3,0.332,2.706,1.313,3,1
396-01-0,Nc1nc(N)c2c(n1)nc(c(n2)c1ccccc1)N,train,4.404,129.62,165.834,6,2.703,3.078,0.775,7,0
75-21-8,O1CC1,train,2.332,12.53,11,0,-0.564,1.5,1.733,0,0
96-09-3,O1CC1c1ccccc1,train,4.018,12.53,11,0,1.533,2.274,1.026,0,0
13311-84-7,O=C(C(C)C)Nc1ccc(c(c1)C(F)(F)F)[N+](=O)[O-],train,5.301,74.92,138.783,1,3.16,2.827,1.14,2,1
82657-04-3,O=C(C1C(C1(C)C)C=C(C(F)(F)F)Cl)OCc1cccc(c1C)c1ccccc1,train,8.112,26.3,81.025,0,5.4,3.936,0.991,0,1
35367-38-5,O=C(NC(=O)c1c(F)cccc1F)Nc1ccc(cc1)Cl,train,7.802,58.2,116.232,2,3.508,3.281,0.803,2,1
101-20-2,O=C(Nc1ccc(c(c1)Cl)Cl)Nc1ccc(cc1)Cl,train,7.478,41.13,61.166,2,3.988,3.169,0.627,2,0
143-50-0,O=C1C2(Cl)C3(C4(C1(Cl)C1(C2(C3(Cl)C(C41Cl)(Cl)Cl)Cl)Cl)Cl)Cl,train,6.394,17.07,25.145,0,4.912,2.659,0.491,0,0
935-92-2,O=C1C=C(C)C(=O)C(=C1C)C,train,5.001,34.14,50.29,0,1.415,2.074,1.108,0,0
58-27-5,O=C1C=C(C)C(=O)c2c1cccc2,train,5.545,34.14,50.29,0,2.233,2.415,0.866,0,0
98319-26-7,O=C1C=CC2(C(N1)CCC1C2CCC2(C1CCC2C(=O)NC(C)(C)C)C)C,train,4.249,58.2,86.311,2,3.652,3.557,1.237,2,2
58-22-0,O=C1CCC2(C(=C1)CCC1C2CCC2(C1CCC2O)C)C,train,5.170,37.3,67.828,1,3.696,3.117,1.149,0,0
503-87-7,O=C1CNC(=S)N1,train,3.769,73.22,61.166,2,-1.202,1.795,0.599,2,1
67-20-9,O=C1NC(=O)N(C1)/N=C/c1ccc(o1)[N+](=O)[O-],train,3.508,120.73,148.22,1,0.096,2.964,1.16,4,1
120-93-4,O=C1NCCN1,train,1.188,41.13,61.166,2,-1.095,1.726,1.463,2,0
71-63-6,O=C1OCC(=C1)C1CCC2(C1(C)CCC1C2CCC2C1(C)CCC(C2)OC1CC(O)C(C(O1)C)OC1CC(O)C(C(O1)C)OC1CC(O)C(C(O1)C)O)O,train,3.884,182.83,315.561,5,1.662,5.831,1.351,0,1
20830-75-5,O=C1OCC(=C1)C1CCC2(C1(C)C(O)CC1C2CCC2C1(C)CCC(C2)OC1CC(O)C(C(O1)C)OC1CC(O)C(C(O1)C)OC1CC(O)C(C(O1)C)O)O,train,4.566,203.06,358.244,6,0.957,5.839,1.345,0,1
111-30-8,O=CCCCC=O,train,3.788,34.14,50.29,0,0.076,1.84,1.493,0,0
68-12-2,O=CN(C)C,train,0.704,20.31,28.269,0,-0.273,1.401,2.073,1,1
2144-08-3,O=Cc1ccc(c(c1O)O)O,train,3.669,77.76,153.195,3,0.559,2.137,0.767,0,0
100-52-7,O=Cc1ccccc1,train,3.976,17.07,25.145,0,1.769,1.989,0.927,0,0
88-75-5,O=N(=O)c1ccccc1O,train,4.024,66.05,93.43,1,1.348,2.09,0.784,1,0
86-30-6,O=NN(c1ccccc1)c1ccccc1,train,4.403,32.67,47.536,0,3.223,2.773,0.881,2,0
115-86-6,O=P(Oc1ccccc1)(Oc1ccccc1)Oc1ccccc1,train,5.512,54.57,41.028,0,4.789,3.58,1.505,0,0
103577-45-3,O=S(c1nc2c([nH]1)cccc2)Cc1nccc(c1C)OCC(F)(F)F,train,4.225,87.08,111.608,1,1.749,3.666,1.085,3,0
825-44-5,O=S1(=O)C=Cc2c1cccc2,train,4.072,42.52,44.313,0,1.473,2.241,1.158,0,0
1016-05-3,O=S1(=O)c2ccccc2c2c1cccc2,train,4.570,42.52,44.313,0,2.777,2.643,1.055,0,0
33213-65-9,O=S1OCC2C(CO1)C1(C(C2(Cl)C(=C1Cl)Cl)(Cl)Cl)Cl,train,6.075,54.74,39.247,0,3.115,2.706,0.946,0,0
141-90-2,O=C1NC(=S)NC=C1,train,4.221,80.74,61.166,2,-0.31,1.918,0.578,2,1
91-64-5,O=C1Oc2ccccc2C=C1,train,4.032,30.21,36.145,0,2.265,2.344,0.923,0,1
51235-04-2,CN1C(=NC(=O)N(C1=O)C2CCCCC2)N(C)C,train,3.220,60.13,76.448,0,2.288,2.848,1.591,4,0
1013-23-6,O=S1c2ccccc2-c2ccccc12,train,4.001,38.77,22.156,0,2.779,2.639,0.859,0,0
77501-87-2,OC(=O)C(OC(=O)c1cc(ccc1N(=O)=O)Oc1ccc(cc1Cl)C(F)(F)F)C,train,4.501,118.65,210.6,1,3.773,3.759,0.95,1,2
22071-15-4,OC(=O)C(c1cccc(c1)C(=O)c1ccccc1)C,train,3.599,54.37,92.973,1,3.374,3.061,0.91,0,1
1740-19-8,OC(=O)C1(C)CCCC2(C1CCc1c2ccc(c1)C(C)C)C,train,4.560,37.3,67.828,1,4.548,3.101,1.137,0,1
139-13-9,OC(=O)CN(CC(=O)O)CC(=O)O,train,2.736,115.14,206.609,3,-1.169,2.333,1.496,1,3
94-74-6,OC(=O)COc1ccc(cc1C)Cl,train,3.047,46.53,78.828,1,2.086,2.455,0.941,0,1
94-75-7,OC(=O)COc1ccc(cc1Cl)Cl,train,3.783,46.53,78.828,1,2.354,2.455,0.743,0,1
77-06-5,OC(=O)C1C2C3(C4C51CC(=C)C(C5)(O)CC4)C=CC(C2(C)C(=O)O3)O,train,4.187,104.06,189.34,3,1.929,3.197,1.021,0,2
69-72-7,OC(=O)c1ccccc1O,train,3.068,57.53,110.512,2,1.643,2.09,0.814,0,1
1918-02-1,OC(=O)c1nc(Cl)c(c(c1Cl)N)Cl,train,3.644,76.21,117.511,3,1.119,2.25,0.375,2,1
76738-62-0,OC(C(C)(C)C)C(n1ncnc1)Cc1ccc(cc1)Cl,train,4.010,50.94,76.132,1,3.77,3.091,1.081,3,0
22664-55-7,OC(COc1cc(C)c(c(c1C)C)OC(=O)C)CNC(C)C,train,3.917,67.79,107.839,2,2.347,3.243,1.4,1,1
29122-68-7,OC(COc1ccc(cc1)CC(=O)N)CNC(C)C,train,3.902,84.58,129.736,4,0.925,3.178,1.263,2,1
42200-33-9,OC(COc1cccc2c1CC(O)C(C2)O)CNC(C)(C)C,train,3.277,81.95,157.061,4,1.358,3.325,1.248,1,0
57775-29-8,OC(COc1cccc2c1c1ccccc1[nH]2)CNC(C)C,train,4.305,57.28,71.694,3,2.124,3.455,1.069,2,0
5251-34-3,OCC(=O)C1(O)CCC2C1(C)CC(O)C1C2C=C(C2=CC(=O)C=CC12C)Cl,train,3.961,94.83,178.34,3,1.661,3.391,0.942,0,0
78-83-1,OCC(C)C,train,1.820,20.23,42.683,1,0.8,1.401,1.698,0,0
115-20-8,OCC(Cl)(Cl)Cl,train,3.002,20.23,42.683,1,1.209,1.43,0.476,0,0
111-42-2,OCCNCCO,train,2.957,52.49,103.377,3,-0.917,1.84,1.75,1,0
107-21-1,OCCO,train,0.122,40.46,85.367,2,-1.053,1.334,1.827,0,0
110-80-5,OCCOCC,train,1.070,29.46,53.683,1,-0.081,1.678,1.952,0,0
111-90-0,OCCOCCOCC,train,1.530,38.69,64.683,1,-0.129,2.15,1.971,0,0
57-92-1,OCC1OC(OC2C(OC3C(O)C(O)C(C(C3N=C(N)N)O)N=C(N)N)OC(C2(O)C=O)C)C(C(C1O)O)NC,train,3.077,336.43,551.098,16,-5.199,4.3,1.373,7,0
56-75-7,OCC(C(c1ccc(cc1)[N+](=O)[O-])O)NC(=O)C(Cl)Cl,train,3.025,115.38,179.269,3,1.228,3.039,0.787,2,1
7542-37-2,OCC1OC(C(C1OC1OC(CN)C(C(C1N)O)O)O)OC1C(O)C(N)CC(C1OC1OC(CO)C(C(C1N)O)O)N,train,3.088,347.32,571.952,18,-6.446,4.624,1.39,5,0
138-59-0,OC1CC(=CC(C1O)O)C(=O)O,train,3.177,97.99,195.878,4,-1.204,2.214,1.066,0,1
5289-74-7,OC1CC2(C)C(CC1O)C(=O)C=C1C2CCC2(C1(O)CCC2C(C(CCC(O)(C)C)O)(O)C)C,train,5.291,138.45,281.245,6,1.442,3.878,1.205,0,0
59-50-7,Oc1ccc(c(c1)C)Cl,train,4.852,20.23,42.683,1,2.461,1.975,0.737,0,0
106-41-2,Oc1ccc(cc1)Br,train,4.464,20.23,42.683,1,2.296,1.924,0.521,0,0
106-48-9,Oc1ccc(cc1)Cl,train,4.426,20.23,42.683,1,2.127,1.924,0.633,0,0
100-02-7,Oc1ccc(cc1)[N+](=O)[O-],train,4.016,66.05,93.43,1,1.348,2.119,0.784,1,0
92-69-3,Oc1ccc(cc1)c1ccccc1,train,4.668,20.23,42.683,1,3.127,2.605,0.797,0,0
50-28-2,Oc1ccc2c(c1)CCC1C2CCC2(C1CCC2O)C,train,4.962,40.46,85.367,2,3.635,3.12,1.03,0,0
135-19-3,Oc1ccc2c(c1)cccc2,train,4.610,20.23,42.683,1,2.637,2.344,0.758,0,0
108-95-2,Oc1ccccc1,train,3.850,20.23,42.683,1,1.506,1.857,0.853,0,0
95-57-8,Oc1ccccc1Cl,train,4.238,20.23,42.683,1,2.127,1.908,0.633,0,0
90-43-7,Oc1ccccc1c1ccccc1,train,5.380,20.23,42.683,1,3.127,2.57,0.797,0,0
96-45-7,S=C1NCCN1,train,3.589,56.15,36.022,2,-0.665,1.726,0.676,2,0
532-55-8,S=C=NC(=O)c1ccccc1,train,4.932,61.52,41.93,0,3.447,2.307,0.662,1,2
2257-09-2,S=C=NCCc1ccccc1,train,6.099,44.45,16.786,0,3.648,2.427,0.757,1,1
622-78-6,S=C=NCc1ccccc1,train,6.540,44.45,16.786,0,3.33,2.281,0.701,1,1
4044-65-9,S=C=Nc1ccc(cc1)N=C=S,train,6.399,88.9,33.571,0,4.405,2.456,0.568,2,2
103-72-0,S=C=Nc1ccccc1,train,6.131,44.45,16.786,0,3.265,2.134,0.637,1,1
75-15-0,S=C=S,train,4.560,64.18,0,0,-0.049,1.155,1.5,0,1
52-24-4,S=P(N1CC1)(N1CC1)N1CC1,train,2.540,50.93,0,0,0.552,2.485,1.147,3,0
149-30-4,SC1=Nc2ccccc2S1,train,4.494,79.93,16.786,1,1.769,2.239,0.793,1,0
3483-12-3,SCC(C(CS)O)O,train,3.758,118.06,85.367,4,-0.081,1.768,1.061,0,0
138261-41-3,[O-][N+](=O)NC1=NCCN1Cc1ccc(nc1)Cl,train,4.168,86.34,105.331,1,1.616,2.97,0.983,5,0
55-63-0,[O-][N+](=O)OC(CO[N+](=O)[O-])CO[N+](=O)[O-],train,3.850,165.15,185.897,0,0.575,2.608,1.809,3,0
693-21-0,[O-][N+](=O)OCCOCCO[N+](=O)[O-],train,3.339,119.33,134.931,0,0.289,2.587,1.989,2,0
602-01-7,[O-][N+](=O)c1c(C)cccc1[N+](=O)[O-],train,5.441,91.64,101.494,0,2.239,2.296,0.884,2,0
148-01-6,[O-][N+](=O)c1cc(C(=O)N)c(c(c1)[N+](=O)[O-])C,train,3.138,134.73,159.536,2,1.649,2.527,0.818,3,1
534-52-1,[O-][N+](=O)c1cc(C)c(c(c1)[N+](=O)[O-])O,train,4.790,111.87,144.177,1,1.748,2.377,0.839,2,0
118-96-7,[O-][N+](=O)c1cc([N+](=O)[O-])c(c(c1)[N+](=O)[O-])C,train,4.390,137.46,152.241,0,2.359,2.527,0.825,3,0
88-89-1,[O-][N+](=O)c1cc([N+](=O)[O-])c(c(c1)[N+](=O)[O-])O,train,3.430,157.69,194.924,1,1.543,2.527,0.647,3,0
99-51-4,[O-][N+](=O)c1ccc(c(c1)C)C,train,3.978,45.82,50.747,0,2.574,2.168,1.014,1,0
121-87-9,[O-][N+](=O)c1ccc(c(c1)Cl)N,train,4.489,71.84,83.644,2,1.969,2.168,0.531,2,0
121-14-2,[O-][N+](=O)c1ccc(c(c1)[N+](=O)[O-])C,train,3.718,91.64,101.494,0,2.239,2.334,0.884,2,0
97-00-7,[O-][N+](=O)c1ccc(c(c1)[N+](=O)[O-])Cl,train,5.402,91.64,101.494,0,2.507,2.334,0.543,2,0
51-28-5,[O-][N+](=O)c1ccc(c(c1)[N+](=O)[O-])O,train,4.606,111.87,144.177,1,1.395,2.334,0.716,2,0
99-65-0,[O-][N+](=O)c1cccc(c1)[N+](=O)[O-],train,3.591,91.64,101.494,0,1.886,2.287,0.769,2,0
83-41-0,[O-][N+](=O)c1cccc(c1C)C,train,4.558,45.82,50.747,0,2.574,2.141,1.014,1,0
83-42-1,[O-][N+](=O)c1cccc(c1C)Cl,train,4.611,45.82,50.747,0,2.842,2.141,0.726,1,0
3209-22-1,[O-][N+](=O)c1cccc(c1Cl)Cl,train,4.620,45.82,50.747,0,3.11,2.141,0.478,1,0
98-95-3,[O-][N+](=O)c1ccccc1,train,3.615,45.82,50.747,0,1.887,2.048,0.842,1,0
88-72-2,[O-][N+](=O)c1ccccc1C,train,4.140,45.82,50.747,0,2.241,2.09,0.942,1,0
83-32-9,c1cc2cccc3c2c(c1)CC3,train,3.575,0,0,0,3.958,2.488,0.802,0,0
2764-72-9,c1cc[n+]2c(c1)c1cccc[n+]1CC2,train,5.010,7.76,0,0,2.122,2.7,1.053,2,0
101-84-8,c1ccc(cc1)Oc1ccccc1,train,5.433,9.23,11,0,3.395,2.692,0.941,0,0
92-52-4,c1ccc(cc1)c1ccccc1,train,4.909,0,0,0,3.876,2.539,0.837,0,0
86-74-8,c1ccc2c(c1)[nH]c1c2cccc1,train,4.700,15.79,0,1,2.859,2.614,0.752,1,0
120-72-9,c1ccc2c(c1)[nH]cc2,train,5.069,15.79,0,1,1.834,2.176,0.81,1,0
50-32-8,c1ccc2c(c1)c1ccc3c4c1c(c2)ccc4ccc3,train,6.004,0,0,0,5.551,3.231,0.689,0,0
206-44-0,c1ccc2c(c1)c1cccc3c1c2ccc3,train,6.281,0,0,0,4.76,2.868,0.7,0,0
85-01-8,c1ccc2c(c1)c1ccccc1cc2,train,5.406,0,0,0,4.332,2.7,0.758,0,0
120-12-7,c1ccc2c(c1)cc1c(c2)cccc1,train,6.700,0,0,0,4.332,2.727,0.758,0,0
205-39-0,c1ccc2c(c1)ccc1c2c2ccccc2o1,train,4.737,13.14,9.507,0,3.743,2.995,0.783,0,0
205-43-6,c1ccc2c(c1)ccc1c2c2ccccc2s1,train,6.027,28.24,0,0,4.76,2.995,0.65,0,0
91-20-3,c1ccc2c(c1)cccc2,train,4.147,0,0,0,3.386,2.284,0.805,0,0
119-65-3,c1ccc2c(c1)cncc2,train,3.711,12.89,16.786,0,2.066,2.284,0.867,1,0
260-94-6,c1ccc2c(c1)nc1c(c2)cccc1,train,4.851,12.89,16.786,0,3.051,2.727,0.8,1,0
91-22-5,c1ccc2c(c1)nccc2,train,3.530,12.89,16.786,0,2.066,2.284,0.867,1,0
120-78-5,c1ccc2c(c1)sc(n2)SSc1nc2c(s1)cccc2,train,3.619,132.86,33.571,0,2.892,3.487,0.572,2,0
132-65-0,c1ccc2c(c1)sc1c2cccc1,train,5.597,28.24,0,0,3.876,2.614,0.652,0,0
95-15-8,c1ccc2c(c1)scc2,train,3.357,28.24,0,0,2.851,2.176,0.656,0,0
110-86-1,c1cccnc1,train,1.815,12.89,16.786,0,0.468,1.8,1.038,1,0
110-02-1,c1cccs1,train,2.421,28.24,0,0,1.173,1.667,0.667,0,0
525-79-1,c1coc(c1)CNc1ncnc2c1[nH]cn2,train,5.054,79.63,77.875,2,1.326,3.024,1.126,5,0
108-85-0,BrC1CCCCC1,test,3.890,0,0,0,2.734,1.857,0.831,0,0
59865-13-3,C/C=C/CC(C(C1C(=O)NC(CC)C(=O)N(C)CC(=O)N(C)C(CC(C)C)C(=O)NC(C(C)C)C(=O)N(C)C(CC(C)C)C(=O)NC(C(=O)NC(C(=O)N(C(C(=O)N(C(C(=O)N(C(C(=O)N1C)C(C)C)C)CC(C)C)C)CC(C)C)C)C)C)O)C,test,4.779,278.8,413.191,5,-0.321,6.439,1.557,11,11
79-92-5,C=C1C2CCC(C1(C)C)C2,test,3.792,0,0,0,3.374,2.075,1.204,0,0
107-02-8,C=CC=O,test,5.993,17.07,25.145,0,0.094,1.334,1.328,0,0
75-05-8,CC#N,test,1.057,23.79,31.059,0,-0.317,1.155,1.403,1,1
586-62-9,CC(=O)OC(C1CCC(=CC1)C)(C)C,test,4.886,26.3,36.145,0,2.754,2.454,1.421,0,1
10161-34-9,CC(=O)OC1CCC2C1(C)C=CC1=C3CCC(=O)C=C3CCC21,test,5.541,43.37,61.29,0,3.626,3.373,1.111,0,1
62-55-5,CC(=S)N,test,3.638,58.11,32.897,2,-0.317,1.225,0.575,1,1
107-41-5,CC(CC(O)(C)C)O,test,1.220,40.46,85.367,2,0.706,1.689,1.594,0,0
770-35-4,CC(COc1ccccc1)O,test,2.614,29.46,53.683,1,1.629,2.353,1.2,0,0
101-21-3,CC(OC(=O)Nc1cccc(c1)Cl)C,test,4.762,38.33,54.156,1,2.378,2.587,1.055,1,0
1445-75-6,CC(OP(=O)(OC(C)C)C)C,test,2.829,45.34,34.106,0,1.297,2.042,1.933,0,0
56-53-1,CC/C(=C(\c1ccc(cc1)O)/CC)/c1ccc(cc1)O,test,5.370,40.46,85.367,2,3.956,3.123,0.959,0,0
108-87-2,CC1CCCCC1,test,4.819,0,0,0,3.477,1.857,1.429,0,0
66-25-1,CCCCCC=O,test,4.039,17.07,25.145,0,1.442,1.84,1.58,0,0
111-65-9,CCCCCCCC,test,5.470,0,0,0,4.203,1.997,1.625,0,0
124-18-5,CCCCCCCCCC,test,5.299,0,0,0,4.823,2.299,1.6,0,0
19295-81-9,CCCCCCCCCOC(=O)c1ccccc1C(=O)OCCCCCCC,test,6.194,52.6,72.29,0,6.338,4.16,1.402,0,2
109-46-6,CCCCNC(=S)NCCCC,test,3.520,56.15,36.022,2,1.971,2.472,1.144,2,0
126-73-8,CCCCOP(=O)(OCCCC)OCCCC,test,4.862,54.57,41.028,0,3.234,2.901,1.984,0,0
78-48-8,CCCCSP(=O)(SCCCC)SCCCC,test,7.676,102.78,20.263,0,3.322,2.901,0.874,0,0
67747-09-5,CCCN(C(=O)n1cncc1)CCOc1c(Cl)cc(cc1Cl)Cl,test,4.943,47.36,56.055,0,3.373,3.471,0.992,3,0
33820-53-0,CCCN(c1c(cc(cc1[N+](=O)[O-])C(C)C)[N+](=O)[O-])CCC,test,7.012,94.88,104.618,0,4.066,3.016,1.314,3,0
28249-77-6,CCN(C(=O)SCc1ccc(cc1)Cl)CC,test,5.548,45.61,28.269,0,3.092,2.814,0.948,1,0
134-62-3,CCN(C(=O)c1cccc(c1)C)CC,test,3.078,20.31,28.269,0,2.821,2.502,1.283,1,1
97-77-8,CCN(C(=S)SSC(=S)N(CC)CC)CC,test,5.976,121.26,6.249,0,1.761,2.66,0.779,2,0
625-53-6,CCNC(=S)N,test,3.936,70.14,50.908,3,-0.273,1.577,0.756,2,0
109-89-7,CCNCC,test,3.118,12.03,18.011,1,0.8,1.509,1.846,1,0
103-69-5,CCNc1ccccc1,test,5.460,12.03,18.011,1,2.193,2.134,1.117,1,0
1912-24-9,CCNc1nc(NC(C)C)nc(n1)Cl,test,3.601,62.73,86.378,2,2.59,2.546,1.277,5,0
1014-70-6,CCNc1nc(NCC)nc(n1)SC,test,3.630,88.03,86.378,2,2.273,2.575,1.159,5,0
141-78-6,CCOC(=O)C,test,2.090,26.3,36.145,0,0.586,1.577,1.881,0,1
98886-44-3,CCOP(=O)(N1CCSC1=O)SC(CC)C,test,5.762,107.02,52.33,0,0.64,2.614,1.233,1,0
470-90-6,CCOP(=O)(OC(=CCl)c1ccc(cc1Cl)Cl)OCC,test,6.560,54.57,41.028,0,4.449,2.988,1.497,0,0
22224-92-6,CCOP(=O)(Oc1ccc(c(c1)C)SC)NC(C)C,test,8.113,82.67,47.447,1,3.747,2.935,1.513,1,0
3689-24-5,CCOP(=S)(OP(=S)(OCC)OCC)OCC,test,9.150,129.95,30.53,0,1.145,2.637,1.444,0,0
100-41-4,CCc1ccccc1,test,4.502,0,0,0,2.942,1.989,1.063,0,0
657-24-9,CN(C(=N)N=C(N)N)C,test,1.983,91.49,117.376,5,-0.329,1.868,1.621,5,0
50-48-6,CN(CC/C=C/1\c2ccccc2CCc2c1cccc2)C,test,5.551,3.24,3.124,0,4.761,3.273,1.052,1,0
556-61-6,CN=C=S,test,5.418,44.45,16.786,0,1.157,1.334,0.685,1,1
124-40-3,CNC,test,2.958,12.03,18.011,1,-0.172,1.155,2.177,1,0
16752-77-5,CNC(=O)ON=C(SC)C,test,6.964,75.99,73.774,1,0.057,2.093,1.123,2,1
114-26-1,CNC(=O)Oc1ccccc1OC(C)C,test,4.910,47.56,65.155,1,1.57,2.644,1.376,1,0
534-13-4,CNC(=S)NC,test,3.825,56.15,36.022,2,-0.273,1.559,0.876,2,0
54910-89-3,CNCCC(c1ccccc1)Oc1ccc(cc1)C(F)(F)F,test,5.783,21.26,73.891,1,4.153,3.383,1.121,1,0
131860-33-8,CO/C=C(\c1ccccc1Oc1ncnc(c1)Oc1ccccc1C#N)/C(=O)OC,test,6.389,103.56,133.775,0,3.168,4.055,1.153,3,2
63675-72-9,COC(=O)C1=C(C)NC(=C(C1c1ccccc1[N+](=O)[O-])C(=O)OCC(C)C)C,test,4.071,110.45,141.047,1,2.767,3.488,1.216,2,2
10605-21-7,COC(=O)Nc1nc2c([nH]1)cccc2,test,6.119,67.01,70.941,2,1.052,2.676,1.137,3,0
126-07-8,COC1=CC(=O)CC(C21Oc1c(C2=O)c(OC)cc(c1Cl)OC)C,test,2.506,71.06,94.289,0,0.977,3.191,1.146,0,0
62-73-7,COP(=O)(OC=C(Cl)Cl)OC,test,9.099,54.57,41.028,0,1.246,2.086,1.875,0,0
732-11-6,COP(=S)(SCN1C(=O)c2c(C1=O)cccc2)OC,test,5.600,124.73,67.257,0,1.02,2.969,0.946,1,2
83-79-4,COc1cc2c(cc1OC)OCC1C2C(=O)c2c(O1)c1CC(Oc1cc2)C(=C)C,test,8.028,63.22,80.144,0,1.936,3.852,1.151,0,0
72-43-5,COc1ccc(cc1)C(C(Cl)(Cl)Cl)c1ccc(cc1)OC,test,7.087,18.46,22,0,4.268,3.164,0.857,0,0
22204-53-1,COc1ccc2c(c1)ccc(c2)C(C(=O)O)C,test,3.794,46.53,78.828,1,2.758,2.856,1.022,0,1
67-68-5,CS(=O)C,test,0.495,36.28,22.156,0,-0.317,1.225,1.333,0,0
4685-14-7,C[n+]1ccc(cc1)c1cc[n+](cc1)C,test,4.823,7.76,0,0,1.586,2.674,1.166,2,0
779-02-2,Cc1c2ccccc2cc2c1cccc2,test,6.190,0,0,0,4.588,2.744,0.807,0,0
108-67-8,Cc1cc(C)cc(c1)C,test,4.300,0,0,0,3.259,1.979,1.111,0,0
99-99-0,Cc1ccc(cc1)[N+](=O)[O-],test,4.010,45.82,50.747,0,2.241,2.119,0.942,1,0
576-26-1,Cc1cccc(c1O)C,test,4.038,20.23,42.683,1,2.193,1.96,1.02,0,0
108-88-3,Cc1ccccc1,test,3.002,0,0,0,2.608,1.857,1,0,0
95-53-4,Cc1ccccc1N,test,5.312,26.02,32.897,2,1.859,1.908,0.917,1,0
27304-13-8,ClC1C2C(C3C1(Cl)O3)C1(C(C2(Cl)C(=C1Cl)Cl)(Cl)Cl)Cl,test,5.513,12.53,11,0,4.452,2.716,0.49,0,0
79-00-5,ClCC(Cl)Cl,test,3.492,0,0,0,2.226,1.401,0.57,0,0
142-28-9,ClCCCCl,test,2.608,0,0,0,2.226,1.509,0.826,0,0
111-44-4,ClCCOCCCl,test,2.778,9.23,11,0,1.587,1.84,1.05,0,0
75-09-2,ClCCl,test,2.659,0,0,0,1.364,1.155,0.576,0,0
58-89-9,ClC1C(Cl)C(Cl)C(C(C1Cl)Cl)Cl,test,5.389,0,0,0,4.092,2.12,0.53,0,0
634-83-3,Clc1c(N)cc(c(c1Cl)Cl)Cl,test,5.559,26.02,32.897,2,3.617,2.074,0.288,1,0
4901-51-3,Clc1c(O)cc(c(c1Cl)Cl)Cl,test,5.760,20.23,42.683,1,3.617,2.074,0.34,0,0
935-95-5,Clc1cc(Cl)c(c(c1Cl)O)Cl,test,5.610,20.23,42.683,1,3.617,2.074,0.34,0,0
6639-30-1,Clc1cc(Cl)c(cc1C)Cl,test,5.550,0,0,0,4.366,2.031,0.57,0,0
89-61-2,Clc1ccc(c(c1)[N+](=O)[O-])Cl,test,4.251,45.82,50.747,0,3.11,2.154,0.478,1,0
37680-73-2,Clc1ccc(c(c1)c1cc(Cl)c(cc1Cl)Cl)Cl,test,7.509,0,0,0,6.232,2.766,0.493,0,0
37680-65-2,Clc1ccc(c(c1)c1ccccc1Cl)Cl,test,6.670,0,0,0,5.472,2.657,0.577,0,0
107534-96-3,Clc1ccc(cc1)CCC(C(C)(C)C)(Cn1cncn1)O,test,5.020,50.94,76.132,1,4.013,3.218,1.104,3,0
439-14-5,Clc1ccc2c(c1)C(=NCC(=O)N2C)c1ccccc1,test,4.821,32.67,45.055,0,3.355,3.097,0.889,2,1
2051-60-7,Clc1ccccc1c1ccccc1,test,5.422,0,0,0,4.416,2.57,0.723,0,0
1897-45-6,N#Cc1c(Cl)c(C#N)c(c(c1Cl)Cl)Cl,test,6.210,47.58,62.119,0,3.133,2.324,0.467,2,2
59-87-0,NC(=O)N/N=C/c1ccc(o1)[N+](=O)[O-],test,3.839,126.44,152.848,3,-0.172,2.629,1.025,4,0
95-76-1,Nc1ccc(c(c1)Cl)Cl,test,5.437,26.02,32.897,2,2.729,1.975,0.462,1,0
91-94-1,Nc1ccc(cc1Cl)c1ccc(c(c1)Cl)N,test,5.381,52.04,65.794,4,3.586,2.758,0.518,2,0
108-42-9,Nc1cccc(c1)Cl,test,6.108,26.02,32.897,2,2.127,1.918,0.597,1,0
95-51-2,Nc1ccccc1Cl,test,5.190,26.02,32.897,2,2.127,1.908,0.597,1,0
154-42-7,NC1=NC(=S)c2nc[nH]c2N1,test,4.006,115.47,84.479,4,0.038,2.278,0.544,5,1
434-07-1,O/C=C\1/CC2(C)C(CC1=O)CCC1C2CCC2(C1CCC2(C)O)C,test,4.535,57.53,110.512,2,3.31,3.267,1.169,0,0
22431-62-5,O=C(C1C(C1(C)C)C=C1CCCC1)OCc1coc(c1)Cc1ccccc1,test,8.164,39.44,45.652,0,4.332,4.121,1.12,0,1
872-50-4,O=C1CCCN1C,test,4.906,20.31,28.269,0,0.198,1.782,1.559,1,1
1622-61-3,O=C1CN=C(c2c(N1)ccc(c2)[N+](=O)[O-])c1ccccc1Cl,test,4.022,87.28,110.688,1,2.843,3.244,0.745,3,1
1665-48-1,O=C1NCC(O1)COc1cc(C)cc(c1)C,test,3.470,47.56,65.155,1,1.191,2.899,1.265,1,0
90-02-8,O=Cc1ccccc1O,test,4.462,37.3,67.828,1,1.667,2.031,0.867,0,0
110-16-7,OC(=O)/C=C\C(=O)O,test,2.764,74.6,135.657,2,-0.45,1.823,1.075,0,2
882-09-7,OC(=O)C(Oc1ccc(cc1)Cl)(C)C,test,3.474,46.53,78.828,1,2.378,2.472,0.988,0,1
60-00-4,OC(=O)CN(CC(=O)O)CCN(CC(=O)O)CC(=O)O,test,3.103,155.68,277.562,4,-1.358,3.033,1.552,2,4
1071-83-6,OC(=O)CNCP(=O)(O)O,test,3.908,116.67,180.366,4,-1.96,2.021,1.83,1,1
15307-86-5,OC(=O)Cc1ccccc1Nc1c(Cl)cccc1Cl,test,4.121,49.33,85.839,2,3.988,3.047,0.694,1,1
107-07-3,OCCCl,test,2.579,20.23,42.683,1,0.347,1.334,0.961,0,0
108-01-0,OCCN(C)C,test,2.959,23.47,45.808,1,-0.081,1.577,2.001,1,0
112-27-6,OCCOCCOCCO,test,0.460,58.92,107.366,2,-0.937,2.299,1.936,0,0
58-90-2,Oc1c(Cl)cc(c(c1Cl)Cl)Cl,test,6.110,20.23,42.683,1,3.617,2.074,0.34,0,0
609-19-8,Oc1cc(Cl)c(c(c1)Cl)Cl,test,5.461,20.23,42.683,1,3.314,2.027,0.409,0,0
102-08-9,S=C(Nc1ccccc1)Nc1ccccc1,test,3.531,56.15,36.022,2,3.112,2.997,0.701,2,0
33813-20-6,S=C1SSC2=NCCN12,test,5.922,105.86,19.91,0,0.623,2.116,0.508,2,0
88-73-3,[O-][N+](=O)c1ccccc1Cl,test,3.640,45.82,50.747,0,2.509,2.09,0.617,1,0
129-00-0,c1cc2ccc3c4c2c(c1)ccc4ccc3,test,6.173,0,0,0,4.76,2.859,0.7,0,0
122-66-7,c1ccc(cc1)NNc1ccccc1,test,4.651,24.06,35.776,2,3.326,2.837,0.849,2,0
92-83-1,c1ccc2c(c1)Oc1c(C2)cccc1,test,3.953,9.23,11,0,3.275,2.727,0.874,0,0
56-55-3,c1ccc2c(c1)cc1c(c2)ccc2c1cccc2,test,6.219,0,0,0,5.165,3.111,0.732,0,0
132-64-9,c1ccc2c(c1)oc1c2cccc1,test,4.995,13.14,9.507,0,2.859,2.614,0.827,0,0
71-43-2,c1ccccc1,test,2.480,0,0,0,2.255,1.8,0.917,0,0
